{
	"format_version": "1.8.0",
	"animations": {
		"animation.weezing.blink": {
			"animation_length": 0.16667,
			"bones": {
				"eyebrow_left": {
					"position": {
						"0.0": [0, -1, 0],
						"0.125": [0, -1, 0],
						"0.1667": [0, 0, 0]
					}
				},
				"eyebrow_right": {
					"position": {
						"0.0": [0, -1, 0],
						"0.125": [0, -1, 0],
						"0.1667": [0, 0, 0]
					}
				},
				"eyelid_left": {
					"position": {
						"0.0": [0, 0, -0.1],
						"0.125": [0, 0, -0.1],
						"0.1667": [0, 0, 0]
					}
				},
				"eyelid_right": {
					"position": {
						"0.0": [0, 0, -0.1],
						"0.125": [0, 0, -0.1],
						"0.1667": [0, 0, 0]
					}
				}
			}
		},
		"animation.weezing.blink2": {
			"animation_length": 0.16667,
			"bones": {
				"small_eyelid_left": {
					"position": {
						"0.0": [0, 0, -0.1],
						"0.125": [0, 0, -0.1],
						"0.1667": [0, 0, 0]
					}
				},
				"small_eyelid_right": {
					"position": {
						"0.0": [0, 0, -0.1],
						"0.125": [0, 0, -0.1],
						"0.1667": [0, 0, 0]
					}
				}
			}
		},
		"animation.weezing.ground_idle": {
			"loop": true,
			"animation_length": 4.41667,
			"bones": {
				"gas4": {
					"rotation": {
						"0.0": [-32.40109, -2.68407, -4.22005],
						"0.5": [-39.90109, -2.68407, -4.22005],
						"1.0": [-32.40109, -2.68407, -4.22005],
						"1.375": [-37.48178, 0.3569, -0.24982],
						"1.75": [-32.40109, -2.68407, -4.22005],
						"2.1667": [-20.05129, -0.97496, 0.48135],
						"2.5": [-32.40109, -2.68407, -4.22005],
						"3.25": [-44.10659, -7.99365, -12.73415],
						"4.4167": [-32.40109, -2.68407, -4.22005]
					},
					"position": [0, -2.8, -2.2]
				},
				"gas5": {
					"rotation": [-17.78114, 1.03748, -1.5508],
					"position": [0, -1.07158, -1.0796],
					"scale": {
						"0.0": ["1+0.1*(math.sin(q.anim_time*90*1.3)*1)-0.1*(math.sin(q.anim_time*90*2/2)*1)", 1, 0.95],
						"4.4167": ["1+0.1*(math.sin(q.anim_time*90*1.3)*1)-0.1*(math.sin(q.anim_time*90*2/2)*1)", 1, 0.95]
					}
				},
				"gas6": {
					"rotation": [-17.5, 0, -0.5],
					"position": [0, -1.1, -1.3],
					"scale": {
						"0.0": ["1+0.1*(math.sin(q.anim_time*90*1.3)*1)-0.1*(math.sin(q.anim_time*90*2/2)*1)", 1, 0.95],
						"4.4167": ["1+0.1*(math.sin(q.anim_time*90*1.3)*1)-0.1*(math.sin(q.anim_time*90*2/2)*1)", 1, 0.95]
					}
				},
				"eye_left": {
					"rotation": {
						"0.0": [0, 0, 7.5],
						"0.25": [0, 0, 7.5],
						"1.5": [0, 0, 7.5]
					}
				},
				"eyebrow_left": {
					"rotation": {
						"0.0": [0, 0, 5],
						"0.25": [0, 0, 10],
						"1.5": [0, 0, 5]
					},
					"position": {
						"0.0": [0, 0, 0],
						"0.25": [0.0104, -0.61838, 0],
						"1.5": [0, 0, 0]
					}
				},
				"eye_right": {
					"position": {
						"0.0": [0, 0, 0],
						"0.25": [0, -0.4, 0],
						"1.5": [0, 0, 0]
					}
				},
				"eyebrow_right": {
					"rotation": {
						"0.0": [0, 0, 2.5],
						"1.5": [0, 0, 2.5]
					},
					"position": {
						"0.0": [0, 0, 0],
						"0.25": [-0.02611, -0.19829, 0],
						"1.5": [0, 0, 0]
					}
				},
				"mouth_open": {
					"rotation": {
						"0.0": [10, 0, 0],
						"0.25": [27.5, 0, 0],
						"1.0": [10, 0, 0]
					}
				},
				"small_eyebrow_left": {
					"rotation": {
						"0.0": [0, 0, 5],
						"0.5": [0, 0, 12.5],
						"1.0": [0, 0, 5]
					}
				},
				"small_eyebrow_right": {
					"rotation": {
						"0.0": [0, 0, -10],
						"0.5": [0, 0, -17.5],
						"1.0": [0, 0, -10]
					}
				},
				"small_mouth_closed": {
					"rotation": {
						"0.0": [0, 0, -7.5],
						"0.5": [0, 0, 5],
						"1.0": [0, 0, -7.5]
					}
				},
				"cig": {
					"rotation": {
						"0.0": [0, 0, 0],
						"0.25": [17.5, 0, 0],
						"0.5417": [-6.81, 0, 0],
						"1.0": [0, 0, 0]
					}
				},
				"bone3": {
					"rotation": {
						"0.0": [10.41574, -1.74005, -6.58604],
						"0.25": [-13.5, 0, 0],
						"0.5": [9, 0, 0],
						"1.0": [4, 0, 0]
					},
					"position": {
						"0.0": [0, -0.48296, -0.12941],
						"0.25": [0.15964, 1.49368, -0.54121],
						"0.5": [0.47683, 4.61418, -0.57609],
						"0.75": [0.24, 988931.0478, 7.41457],
						"1.0": [0, -0.48, -0.13]
					},
					"scale": {
						"0.0": [1, 1, 1],
						"0.5": [1.38, 1, 1.93],
						"1.0": [0.9, 1, 1]
					}
				},
				"bone4": {
					"rotation": [-14, 0, 0],
					"position": {
						"0.0": [0, 0.38637, 0.10353],
						"0.25": [-1.35027, 2.8308, -1.28177],
						"0.5": [-0.21117, 5.155, -1.70163],
						"1.0": [0, 0.39, 0.1]
					},
					"scale": {
						"0.0": [1, 1, 1],
						"0.25": [1.4, 1, 1.2],
						"0.5": [1.7767, 1, 1.4533],
						"1.0": [1, 1, 1]
					}
				},
				"bone5": {
					"position": {
						"0.0": [0, -0.09659, -0.02588],
						"0.25": [-0.87248, 3.10288, -0.77857],
						"0.5": [0.41498, 7.00837, -1.68555],
						"1.0": [0, -0.1, -0.03]
					},
					"scale": {
						"0.0": [1.1, 1, 1],
						"0.5": [1.1, 1, 1.41],
						"1.0": [1.1, 1, 1]
					}
				},
				"gas": {
					"rotation": {
						"0.0": [-12.5, 0, 0],
						"0.5": [-14.94548, 1.29256, 4.83045],
						"1.0": [-12.5, 0, 0],
						"1.375": [-12.44378, 1.71245, 4.71344],
						"1.75": [-12.5, 0, 0],
						"2.1667": [-7.43656, -0.9762, -7.43656],
						"2.5": [-12.5, 0, 0],
						"3.25": [-19.92415, 0.39845, -2.71384],
						"4.4167": [-12.5, 0, 0]
					},
					"position": [-0.42799, -2.14082, 0.03104],
					"scale": ["0.7+0.1*(math.sin(q.anim_time*90*1.3)*1)-0.1*(math.sin(q.anim_time*90*2/2)*1)", 1, 0.95]
				},
				"gas3": {
					"rotation": [-18, 0, 1],
					"position": [0, -3.3, -0.4],
					"scale": ["1.08+0.3*(math.sin(q.anim_time*90*1.3)*1)-0.2*(math.sin(q.anim_time*90*2/2)*1)", 1, 0.95]
				},
				"gas2": {
					"rotation": [-41.03891, -2.26368, 1.9692],
					"position": [0, -3.2, -3.5],
					"scale": {
						"0.0": [
							"1.08+0.1*(math.sin(q.anim_time*90*1.3)*1)-0.2*(math.sin(q.anim_time*90*2/2)*1)",
							"1.08+0.1*(math.sin(q.anim_time*90*1.3)*1)-0.2*(math.sin(q.anim_time*90*2/2)*1)",
							"0.88+0.1*(math.sin(q.anim_time*90*1.3)*1)-0.2*(math.sin(q.anim_time*90*2/2)*1)"
						],
						"4.4167": [
							"1.08+0.1*(math.sin(q.anim_time*90*1.3)*1)-0.2*(math.sin(q.anim_time*90*2/2)*1)",
							"1.08+0.1*(math.sin(q.anim_time*90*1.3)*1)-0.2*(math.sin(q.anim_time*90*2/2)*1)",
							"0.88+0.1*(math.sin(q.anim_time*90*1.3)*1)-0.2*(math.sin(q.anim_time*90*2/2)*1)"
						]
					}
				},
				"bone": {
					"position": ["1-math.sin((q.anim_time)*90*4.5)*0.4", "19.5-math.cos((q.anim_time)*90*4.5)*0.4", "1-math.sin((q.anim_time)*90*4.5)*0.4"]
				}
			}
		},
		"animation.weezing.ground_walk": {
			"loop": true,
			"animation_length": 4.41667,
			"bones": {
				"gas4": {
					"rotation": {
						"0.0": [-51.40109, -2.68407, -4.22005],
						"0.5": [-40.40109, -2.68407, -4.22005],
						"1.0": [-51.40109, -2.68407, -4.22005],
						"1.375": [-56.40109, -2.68407, -4.22005],
						"1.75": [-37.40109, -2.68407, -4.22005],
						"2.1667": [-41.90027, -4.50532, -2.73168],
						"2.5": [-51.40109, -2.68407, -4.22005],
						"2.9167": [-41.40109, -2.68407, -4.22005],
						"3.25": [-51.40109, -2.68407, -4.22005],
						"4.4167": [-51.40109, -2.68407, -4.22005]
					},
					"position": [0, -2.8, -3.2]
				},
				"gas5": {
					"rotation": [-17.78114, 1.03748, -1.5508],
					"position": [0, -1.07158, -1.0796],
					"scale": {
						"0.0": ["1+0.1*(math.sin(q.anim_time*90*1.3)*1)-0.1*(math.sin(q.anim_time*90*2/2)*1)", 1, 0.95],
						"4.4167": ["1+0.1*(math.sin(q.anim_time*90*1.3)*1)-0.1*(math.sin(q.anim_time*90*2/2)*1)", 1, 0.95]
					}
				},
				"gas6": {
					"rotation": [-17.5, 0, -0.5],
					"position": [0, -1.1, -1.3],
					"scale": {
						"0.0": ["1+0.1*(math.sin(q.anim_time*90*1.3)*1)-0.1*(math.sin(q.anim_time*90*2/2)*1)", 1, 0.95],
						"4.4167": ["1+0.1*(math.sin(q.anim_time*90*1.3)*1)-0.1*(math.sin(q.anim_time*90*2/2)*1)", 1, 0.95]
					}
				},
				"eye_left": {
					"rotation": {
						"0.0": [0, 0, 7.5],
						"0.25": [0, 0, 7.5],
						"1.5": [0, 0, 7.5]
					}
				},
				"eyebrow_left": {
					"rotation": {
						"0.0": [0, 0, 5],